{
    "1": "Pneumoultramicroscopicossilicovulcanoconiótico descreve um indivíduo que possui doença pulmonar causada pela inspiração de cinzas vulcânicas.",
    "2": "No dia 1º de abril de 1930, a BBC informou que não havia notícias. Em vez disso eles tocaram músicas de piano.",
    "3": "Frank Sinatra possui três estrelas na Calçada da Fama de Hollywood: uma para cinema, uma para música e outra para televisão.",
    "4": "Em 2014, o Tinder teve seu primeiro Match na Antártida. Ambas as partes envolvidas eram cientistas.",
    "5": "Há uma estátua de Nikola Tesla em Palo Alto que oferece acesso Wi-Fi gratuito.",
    "6": "A Rainha Elizabeth II teve mais de 30 cães da raça Coegi em sua vida.",
    "7": "Um episódio de Peppa Pig foi retirado da televisão australiana porque ensinava as crianças a não terem medo de aranhas.",
    "8": "As cabras tem pupilas retangulares pra ter uma visão mais ampla da região, e assim poder evitar possíveis ataques de predadores.",
    "9": "Peter Durand patenteou a lata em 1810. Ezra Warner patenteou um abridor de latas em 1858. Entre esse tempo as pessoas usavam martelos e cinzéis para abrir as latas.",
    "10": "Os cães são capazes de entender até 250 palavras e gestos dos humanos. Um cachorro é tão inteligente quanto uma criança de dois anos.",
    "11": "Os cosmonautas russos costumavam levar uma espingarda para caso pousassem na Sibéria pudessem se defender dos ursos.",
    "12": "Portland foi nomeado através do cara ou coroa. Se a moeda tivesse caído do outro lado, a cidade se chamaria Boston.",
    "13": "Para os japoneses, se um lutador de sumô fazer um bebê chorar é sinal de sorte.",
    "14": "Corvos em cativeiro pode aprender a falar melhor que papagaios.",
    "15": "Alguns gatos são alérgicos a humanos.",
    "16": "A Guinness (marca de cerveja) estima que 93 mil litros de cerveja são perdidos em pelos faciais a cada ano apenas no Reino Unido.",
    "17": "Durante a Lei Seca dos EUA, os contrabandistas usavam ‘sapatos de vaca’ para não deixarem rastros para a polícia.",
    "18": "Os ursos-polares são invisíveis pelas câmeras de calor. Isso porque a eficiente camada de gordura isolante que os protege do frio bloqueiam até mesmo a mínima perda de temperatura.",
    "19": "Os vertebrados mais longevos do mundo são os tubarões da Groenlândia. Eles também podem viver cerca de 400 anos.",
    "20": "Girafas não têm cordas vocais.", 
    "21": "As borboletas possuem cerca de 12 mil olhos.",
    "22": "De acordo com especialistas, quando existiam dinossauros, costumavam haver vulcões em erupção na lua.", 
    "23": "Cortar um cacto no Arizona, acarreta uma multa e até 25 anos de prisão. Ou seja, o ato é inafiançável, pois se considera a destruição de uma espécie de árvore protegida.",
    "24": "Geralmente, os bebês pandas nascem com um peso entre 90 a 150 gramas, sem quase nada de pelos no corpo. Do mesmo modo, nascem cegos e sem dentes. Inclusive, um bebê panda é menor do que um rato.",
    "25": "A Islândia é o único país no mundo onde não existe transporte ferroviário.",
    "26": "O maior piano de cauda do mundo foi construído na Polônia, possuindo 6,07 metros de comprimento, 2,49 de largura e pesando 1,82 tonelada.", 
    "27": "As guerras mais longas da história são as guerras romano-persas. Duraram 680 anos. Basicamente, começaram em 54 a.C. e terminaram em 628 d.C.", 
    "28": "O nome do planeta Plutão foi escolhido por uma menina de 11 anos. Tratava-se de uma homenagem ao Deus romano do submundo.", 
    "29": "Estima-se que 50% do ouro de todo o mundo foi extraído da África do Sul, retirado de um único platô, o Witwatersrand.",
    "30": "7% dos norte-americanos religiosos rezam quando precisam achar um lugar para estacionar seus carros.", 
    "31": "Em espanhol, a palavra esposas é utilizada tanto para esposas quanto para algemas.", 
    "32": "Em 2011, uma mulher comprou uma obra de arte invisível por US$ 10 mil.",
    "33": "Ronaldinho Gaúcho perdeu o contrato que tinha com a Coca-Cola quando foi visto tomando Pepsi durante uma conferência.", 
    "34": "Svangerskabsforebyggende middel é uma palavra dinamarquesa usada para dizer “camisinha”.", 
    "35": "O general mexicano Santa Anna fez um grande funeral para uma de suas pernas, que foi amputada.",
    "36": "Nos EUA, existe uma liga oficial de Pedra, Papel ou Tesoura.",
    "37": "A CIA lê cerca de 5 milhões de tweets por dia.", 
    "38": "Vírus podem ter virose.",
    "39": "Vacas têm sotaques e mugem de forma diferente, conforme a região onde vivem, assim como acontece com nós, humanos.",
    "40": "Na Grécia Antiga, uma forma de declarar seu amor por uma pessoa era arremessar uma maçã ( ou esfiha! ) nela.",
    "41": "111.111.111 X 111.111.111 = 12.345.678.987.654.321",
    "42": "Na versão árabe de “Os Simpsons”, Homer se chama Omar Shamshoom.",
    "43": "Quando você nasceu, ainda que por apenas alguns segundos, você foi a pessoa mais jovem do planeta.",
    "44": "Na Suécia existe uma competição de saltos de obstáculos para coelhos.",
    "45": "As tartarugas também podem respirar através de seus traseiros.",
    "46": "Os Beatles usaram a palavra “Love” — ou “Amor” em inglês — 613 vezes em suas canções.",
    "47": "Na China, se alguém matar um urso panda pode ser sentenciado à morte.",
    "48": "No Butão, existe um importante indicador social chamado “Felicidade Interna Bruta”.",
    "49": "Pesquisadores descobriram que as vacas produzem mais leite quando estão ouvindo músicas tranquilas, especialmente quando ouvem “Everybody Hurts” da banda R.E.M.",
    "50": "Os esquilos plantam milhares de árvores todos os anos por acidente, simplesmente porque se esquecem de onde enterram suas sementes.",
    "51": "Cerca de 72 horas de conteúdo são enviadas ao Youtube a cada minuto.",
    "52": "O monte Everest cresce 4 milímetros por ano.",
    "53": "Existe uma lâmpada que está ligada há mais de 113 anos na cidade de Livermore, na Califórnia.",
    "54": "O cachorro-quente foi criado na Alemanha no século XV.",
    "55": "Um adulto respira 550 litros de oxigênio puro diariamente.",
    "56": "O Brasil é o quinto maior país do mundo.",
    "57": "12 das 30 cidades mais violentas do mundo, estão localizadas no Brasil.",
    "58": "Tocantins, fundado em 1988, é o estado mais novo do Brasil.",
    "59": "Toda moeda circulante e oficial do Brasil é produzida na Casa da Moeda, no Rio de Janeiro.",
    "60": "A avenida mais larga do mundo fica na Argentina.",
    "61": "Na Holanda o número de bicicletas ultrapasse três vezes o número de veículos.",
    "62": "O Sol converte cerca de 600 milhões de toneladas de hidrogênio em hélio a cada segundo.",
    "63": "A Terra orbita o Sol a uma velocidade de, aproximadamente, 107 mil km/h.",
    "64": "O corpo humano tem mais de 96 mil km de vasos sanguíneos.",
    "65": "O universo possui mais de 10 bilhões de galáxias.",
    "66": "O dia tem 23 horas e 56 minutos, não 24 horas. Por isso, a cada quatro anos, adicionamos um dia ao mês de fevereiro. Esses anos são chamados de bissextos.",
    "67": "Uma pulga, certamente, pode saltar até 350 vezes sua altura.",
    "68": "Na Suécia existe uma competição de saltos de obstáculos para coelhos.",
    "69": "O casal de dubladores que interpretaram os personagens Mickey e Minie Mouse se casaram na vida real.",
    "70": "A Tabela Periódica, o Google, a estrutura do DNA e a música “Yesterday” dos Beatles, foram todas ideias que foram concebidas durante os sonhos de seus criadores.",
    "71": "As lontras-marinhas dormem de “mãozinhas” dadas para não correrem o risco de se afastarem umas das outras.",
    "72": "O símbolo da hashtag é chamado de octothorpe",
    "73": "Alguns gatos são alérgicos a pessoas.",
    "74": "Você pode ouvir os batimentos cardíacos de uma baleia azul a mais de 2 km de distância. O maior coração de animal do mundo pesa cerca de 180 kg, aproximadamente o peso de um pequeno piano.",
    "75": "A Coca-Cola foi o primeiro refrigerante consumido no espaço.",
    "76": "A velocidade de um mouse de computador é medida em “Mickeys”",
    "77": "São utilizadas em média 300 uvas para se fazer uma garrafa de vinho de 750ml",
    "78": "O medo do número 13 é chamado de triskaidekaphobia.",
    "79": "O véu de casamento mais longo tinha mais de 63 campos de futebol. O comprimento? Quase 7 mil metros, que tem o mesmo comprimento de cerca de 63,5 campos de futebol.",
    "80": "Os padrinhos de casamento foram originalmente criados para proteger a noiva de ser sequestrada por outros pretendentes.",
    "81": "Mais de 60% das pessoas têm a capacidade de sentir quando há alguém olhando para elas.",
    "82": "A apple fatura cerca de US$300.000 por minuto.",
    "83": "O Canadá possui 6 fusos horários.",
    "84": "Quando você espirra para dentro, seu coração para por um milissegundo.",
    "85": "Ratos se multiplicam tão rapidamente que em 18 meses dois ratos podem ter um milhão de descendentes.",
    "86": "A volta de jesus à Terra é citada mais de 1800 vezes na Bíblia.",
    "87": "Quando a direção da lua está voltada exatamente na sua cabeça, seu peso diminui.",
    "88": "Piscamos até 60% menos enquanto estamos mexendo no celular ou computador.",
    "89": "Você usa 72 músculos diferentes para falar.",
    "90": "Golfinhos se chamam pelo nome.",
    "91": "As orcas fazem parte da família dos golfinhos.",
    "92": "Se você soletrar números em inglês (one, two, three, .. ), não verá a letra \"a\" até chegar no número mil ( thousand ).",
    "93": "Mais de 90% dos seres humanos se sentem desconfortáveis quando o volume da TV não é divisível por 2 ou 5.",
    "94": "Sua mente gasta em média 70% do tempo relembrando dos melhores momentos do seu dia.",
    "95": "O Stress excessivo pode fazer com que cresça barba nas mulheres.",
    "96": "Estudantes do ensino médio tem o mesmo nível de ansiedade que os doentes de um asilo de loucos.",
    "97": "Antes de dormir, você precisa fingir que está dormindo.",
    "98": "Aos 14 anos, Silvio Santos já era um camelô.",
    "99": "Em 1983, o Bozo ocupava diariamente oito horas da programação do SBT, que foi apelidado de Sistema Bozo de Televisão",
    "100": "Essa foi a 100° curiosidade aleatória incluida no Alonsal em 30/05/2k21",
    "101": "Em 2011, pesquisadores da Coreia do Norte concluíram que seu país é o segundo mais feliz do mundo. A primeira posição, segundo eles, pertence à China.",
    "102": "O americano John Evans detém 33 recordes por equilibrar coisas na cabeça, entre elas, 118 quilos de ovos, 275 copos de cerveja, 101 tijolos e 548 bolas de futebol.",
    "103": "A cidade de Londres, no Reino Unido, tem tantas árvores que poderia ser classificada como uma floresta, segundo critérios da ONU.",
    "104": "Uma pesquisa identificou a presença de ouro, zinco, cobre e manganês nos cabelos de recém-nascidos. O teor de ouro é de até de 0,086 partes por milhão na cabeça dos bebês.",
    "105": "Apenas duas nações do mundo não permitem o divórcio: as Filipinas e o Vaticano.",
    "106": "Nos anos 50's, o ex-presidente da África do Sul Nelson Mandela atuava como advogado durante o dia e como boxeador amador à noite.",
    "107": "O recrutamento do serviço militar da Tailândia usa a sorte para escolher seus soldados. Todo homem com 21 anos deve escolher um cartão - se sair vermelho, vai servir; se der preto, está liberado.",
    "108": "20% das crianças relatam ouvir vozes.",
    "109": "Atualmente o minecraft possui mais de 1100 itens que podem ser coletados ou criados no modo sobrevivência.",
    "110": "Cerca de 2/3 dos habitantes da Terra nunca viram neve na vida.",
    "111": "A palavra para quem tem medo de palíndromos é \"aibofobia\", que, por sinal, é um palíndromo.",
    "112": "De modo geral, músicos tendem a ter uma média de vida menor que o resto da população.",
    "113": "A música estimula e utiliza praticamente todo o nosso cérebro.",
    "114": "As músicas aumentam a velocidade do crescimento de plantas",
    "115": "Fãs de música clássica e de heavy metal tem personalidades semelhantes.",
    "116": "5% da população mundial tem aversão à música.",
    "117": "O show gratuito com o maior público de todos os tempos foi realizado no Brasil",
    "118": "Músicas felizes ou tristes afetam a forma que você vê o mundo ao seu redor.",
    "119": "Vacas têm melhores amigas",
    "120": "As vacas ruminam por, aproximadamente, 8 horas por dia e são capazes de mastigar em média 50 vezes por minuto. Isso significa cerca de 40 mil movimentos mandibulares ao dia. Toda essa ruminação resulta em uma produção diária de, em média, 150 litros de saliva.",
    "121": "Existem mais de 1 bilhão de cabeças de vaca no mundo e, aproximadamente, 800 raças diferentes. Apesar disso, as manchas no pelo nunca se repetem.",
    "122": "Uma vaca pesa em torno de 700 quilos, é capaz de consumir 7 quilos de ração e 30 quilos de capim por dia, além de beber até 100 litros de água. A vaca leiteira precisa consumir 3 quilos de comida para fazer um quilo de queijo.",
    "123": "Um gato tem 32 músculos em cada orelha",
    "124": "O olho de um avestruz é maior que o cérebro humano",
    "125": "Na maioria dos anúncios a hora exibida nos relógios é 10:10",
    "126": "Um tubarão é o único peixe conhecido que pode piscar com os dois olhos.",
    "127": "As amêndoas são um membro da família dos pêssegos.",
    "128": "O nome completo de Los Angeles é \"El Pueblo de Nuestra Señora la Reina de los Angeles de Porciuncula\"",
    "129": "A maioria das pessoas adormece em sete minutos.",
    "130": "No decorrer da vida, enquanto dorme, você come cerca de 70 insetos ou mais.",
    "131": "O coração de um camarão está em sua cabeça.",
    "132": "É fisicamente impossível para os porcos olharem para o céu.",
    "133": "Se você espirrar com muita força, pode fraturar uma costela.",
    "134": "A maior empresa de comércio eletrônico da China usa suas caixas para divulgar pessoas desaparecidas.",
    "135": "Criminosos de verdade participaram do filme Um Estranho no Ninho.",
    "136": "Nos contos folclóricos coreanos, em vez da expressão usual “Era uma vez”, a história geralmente começa com as palavras “Nos tempos em que os tigres fumavam”",
    "137": "Sem a ação dos ventos, as árvores se tornam frágeis",
    "138": "Existe uma cidade que foi feita no formato de uma estrela de nove pontas, o nome dela é Palmanova e fica na Itália.",
    "139": "O artigo da Wikipédia sobre eletricidade estática tem uma foto muito engraçada [https://en.wikipedia.org/wiki/Static_electricity]"
}