{
    "1": "é Gado com chifre e tudo! :cow2:",
    "2": "não é gado.",
    "3": "faz parte do rebanho.",
    "4": ", eu conto ou você conta? :cow:",
    "5": "é uma pessoa simpática, aGadável, que no entanto... é :cow2:",
    "6": "é Gadissíssimo! :cow:",
    "7": "é :cow2:",
    "8": ", a regra é clara! Mugiu, é :cow:",
    "9": ", pelo ronco e pelo berro, esse :cow: já foi marcado a ferro!",
    "10": "É GADO D+ :cow2:",
    "11": "não é gado, mas não deixa de ser :cow2:",
    "12": "é GADÃO Mané :cow:",
    "13": "raspa o chifre no chão todo dia :cow2:",
    "14": "tem q abaixar a cabeça para passar o chifre pela porta :cow:",
    "15": "é especilista em pastar :cow2:",
    "16": "é pro-play em fogarel grátis :cow2:",
    "17": "é Gado, gado! Gadíssimo!",
    "18": "é campeão de rodeio na quinta série. :cow:",
    "19": "é :cow2: de carteirinha e tudo.",
    "20": "é cidadão não. :cow: formado!",
    "21": "tem 4kg de cupim. :cow2:",
    "22": "é digamos.. vou dar uma dica: começa com GA e termina com DO. :cow:",
    "23": "é comedor de capim oficial",
    "24": "é :cow:, sinto cheio de esterco :poop:",
    "25": ", Em mar de capim, esse :cow: morria afoGADO.",
    "26": "é com carteira assinada e vínculo empreGadício no curral.",
    "27": "Muuuuuuuuu. :cow:",
    "28": "frequentou a faculdade de veterinária, mas não era aluno. :cow2:",
    "29": "foi capa do Globo Rural. :cow:",
    "30": "é sim, se boi fosse flor, esse aí era um jardim. :cow:",
    "31": "é gado não, mas o de cima é :cow:",
    "32": "ainda é um bezerro, mas tem futuro :cow2:"
}