{
	"1": "https://tenor.com/view/who-pinged-me-ping-discord-discord-ping-undertaker-gif-20399650",
	"2": "https://tenor.com/view/ping-who-ping-mario-link-zelda-gif-21410431",
	"3": "https://tenor.com/view/ping-slap-dog-doggo-punch-gif-17672413",
	"4": "https://tenor.com/view/ping-gif-20035980",
	"5": "https://tenor.com/view/baldafoique-ping-gif-18245084",
	"6": "https://tenor.com/view/homework-gif-18862708",
	"7": "https://tenor.com/view/who-pinged-me-ping-discord-up-opening-door-gif-20065356",
	"8": "https://tenor.com/view/ping-meme-raiva-pingar-discord-ping-gif-21149164",
	"9": "https://tenor.com/view/ping-discord-ping-pinged-notification-gif-18846875",
	"10": "https://tenor.com/view/chika-ping-discord-angry-anime-gif-16760912",
	"11": "https://tenor.com/view/dont-ping-me-dont-ping-me-every-again-gif-20086075"
}