{
    "musicas":{
        "1": "https://youtu.be/WlTlUseVt7E",
        "2": "https://youtu.be/2IA7QExh-NQ",
        "3": "https://youtu.be/41nJVmBoQHM",
        "4": "https://youtu.be/N3zf9q8mbWs",
        "5": "https://youtu.be/pDJKgi2e-Aw",
        "6": "https://youtu.be/iDH4p8UblI0",
        "7": "https://youtu.be/CPQYhQlalgc",
        "8": "https://youtu.be/Ndzln1UEyf0",
        "9": "https://youtu.be/VONvSk9qEu8",
        "10": "https://youtu.be/vCVRfvQxQQ4",
        "11": "https://youtu.be/2vATGqooQMM",
        "12": "https://youtu.be/Ij65wvAGX-c",
        "13": "https://youtu.be/_66Y0KYCd_s",
        "14": "https://youtu.be/G1rs6a8QILM",
        "15": "https://youtu.be/iApyBcSg-WA",
        "16": "https://youtu.be/7_9EQenu8mQ",
        "17": "https://youtu.be/gNRNzOERHuY",
        "18": "https://youtu.be/NF-kLy44Hls",
        "19": "https://youtu.be/NFDmyNiTamQ",
        "20": "https://youtu.be/lWxQ55EsOVs",
        "21": "https://youtu.be/yl3TsqL0ZPw",
        "22": "https://youtu.be/_mTRvJ9fugM",
        "23": "https://youtu.be/JJHeEfe2uYw",
        "24": "https://youtu.be/DeumyOzKqgI",
        "25": "https://youtu.be/0siKyXL_h08",
        "26": "https://youtu.be/h6o38MN8yqE",
        "27": "https://youtu.be/7Mnm59MOwl4",
        "28": "https://youtu.be/YCQYdgYG7uY",
        "29": "https://youtu.be/d77gTBvX0K8",
        "30": "https://youtu.be/fHI8X4OXluQ",
        "31": "https://youtu.be/0wnuTGGuAVs",
        "32": "https://youtu.be/sV1CaBtBMBg",
        "33": "https://youtu.be/QIVyjLy4noE",
        "34": "https://youtu.be/hqYYudHutsE",
        "35": "https://youtu.be/4LJJNt2Rkgw",
        "36": "https://youtu.be/PAUlCK8kuGU",
        "37": "https://youtu.be/Lmh6KD1r3yc",
        "38": "https://youtu.be/mSZXWdKSQNM",
        "39": "https://youtu.be/TnlPtaPxXfc",
        "40": "https://youtu.be/Qp6D71kQRhA",
        "41": "https://youtu.be/r6oLw5gpO44",
        "42": "https://youtu.be/mzkF-TZzoK0",
        "43": "https://youtu.be/eWzPU_p7I7g",
        "44": "https://youtu.be/udldOUORlPw",
        "45": "https://youtu.be/emjLXdsj6xA",
        "46": "https://youtu.be/v8Psvxk9tjA",
        "47": "https://youtu.be/DCkkv89fHy0",
        "48": "https://youtu.be/XleOeDOLi5Y",
        "49": "https://youtu.be/cZag0E32is0",
        "50": "https://youtu.be/e1FN047_LT0",
        "51": "https://youtu.be/G2z7jgFN97w",
        "52": "https://youtu.be/zz8frWcmthA",
        "53": "https://youtu.be/2-ptLktOjrY",
        "54": "https://youtu.be/BsrBxX9bRHg",
        "55": "https://youtu.be/a0IqWr8srnA",
        "56": "https://youtu.be/qglh-WA-5hM",
        "57": "https://youtu.be/A-3dHwjFkG4",
        "58": "https://youtu.be/8LeRAZae1zs",
        "59": "https://youtu.be/QAo_Ycocl1E",
        "60": "https://youtu.be/CVxMTl6cUSE",
        "61": "https://youtu.be/JMKi9qVrGWM",
        "62": "https://youtu.be/CAJWmkNXqlM",
        "63": "https://youtu.be/tVOycFbfIDA",
        "64": "https://youtu.be/OvzJZTkWYoY",
        "65": "https://youtu.be/Xwy-3aI435o",
        "66": "https://youtu.be/kDERlmd2NS4",
        "67": "https://youtu.be/NR0UmZcf89E",
        "68": "https://youtu.be/wuJIqmha2Hk",
        "69": "https://youtu.be/-rD-0tlGGPo",
        "70": "https://youtu.be/9t5OWixuUI8",
        "71": "https://youtu.be/LrjdpNDfZLo",
        "72": "https://youtu.be/NxxjLD2pmlk",
        "73": "https://youtu.be/ASO_zypdnsQ",
        "74": "https://youtu.be/i5_asj1BGFs",
        "75": "https://youtu.be/izGwDsrQ1eQ",
        "76": "https://youtu.be/rftTxmcLSfY",
        "77": "https://youtu.be/atY7ymXAcRQ",
        "78": "https://youtu.be/fGdUhosUwKc",
        "79": "https://youtu.be/iTf-4of477Y",
        "80": "https://youtu.be/pqrUQrAcfo4",
        "81": "https://youtu.be/Qra0UnykZmI",
        "82": "https://youtu.be/U3YZTYXftzg",
        "83": "https://youtu.be/QgKYZWRH4DA",
        "84": "https://youtu.be/rXsQmkz1T7A",
        "85": "https://youtu.be/Op9XFHzVZlo",
        "86": "https://youtu.be/XsMpXczOIPs",
        "87": "https://youtu.be/cDq6YksYw04",
        "88": "https://youtu.be/ricvj03PHSU",
        "89": "https://youtu.be/njvA03rMHx4",
        "90": "https://youtu.be/85_FaBP3LvE",
        "91": "https://youtu.be/v6ry27hut3M",
        "92": "https://youtu.be/K1FlAphL2p8",
        "93": "https://youtu.be/6nxls_nTUCE",
        "94": "https://youtu.be/PJvsC2OFSZ0",
        "95": "https://youtu.be/ReEgXh-wURs",
        "96": "https://youtu.be/xOazTYPrt64",
        "97": "https://youtu.be/FtXfOU07kfs",
        "98": "https://youtu.be/qeMFqkcPYcg",
        "99": "https://youtu.be/8RxlpQTgqO4",
        "100": "https://youtu.be/K8v_DaCcORQ",
        "101": "https://youtu.be/ZXgHcdLM7lM",
        "102": "https://youtu.be/qPRNIHxLhmc",
        "103": "https://youtu.be/TOi1Ipwv5Qc",
        "104": "https://youtu.be/c5l4CGQozWY",
        "105": "https://youtu.be/iLC-tHvkNvI",
        "106": "https://youtu.be/kNtk-CnpL-Y",
        "107": "https://youtu.be/inCm3ByI17o",
        "108": "https://youtu.be/Mg5eb7BA-e4",
        "109": "https://youtu.be/rWNHNcgE5bA",
        "110": "https://youtu.be/i5VeMbagIaU",
        "111": "https://youtu.be/dIQmcwSg0nU",
        "112": "https://youtu.be/DvvviZ3gZXM"
    },
    "memes":{
        "1": "https://youtu.be/MmLPhOrPgPk",
        "2": "https://youtu.be/aKdcUM2M5z4",
        "3": "https://youtu.be/MwymbuznQH0",
        "4": "https://youtu.be/rQzSiiRe6YM",
        "5": "https://youtu.be/IipjAt4gz7s",
        "6": "https://youtu.be/kcMV3c2MaOg",
        "7": "https://youtu.be/wRvJh0dIHy0",
        "8": "https://youtu.be/kD3dZTDCa4U",
        "9": "https://youtu.be/hQW1knSPP3I",
        "10": "https://youtu.be/6Xc5-SmHQaM",
        "11": "https://youtu.be/EtrodNQKZ8I",
        "12": "https://youtu.be/cPJUBQd-PNM",
        "13": "https://youtu.be/WZIGwN-5Ioo",
        "14": "https://youtu.be/-ZZ2JZArJH4",
        "15": "https://youtu.be/ZMFX84cZpPM",
        "16": "https://youtu.be/NBmESMFmDPE",
        "17": "https://youtu.be/hH9M-m3WD0g",
        "18": "https://youtu.be/HjGp2aJ_EMA",
        "19": "https://youtu.be/LvkKOXkgUEc",
        "20": "https://youtu.be/0q6yphdZhUA",
        "21": "https://youtu.be/Fxh1rd_LTdg",
        "22": "https://youtu.be/l5hvakZf8qw",
        "23": "https://youtu.be/yyjUmv1gJEg",
        "24": "https://youtu.be/F7LmomKM2rI",
        "25": "https://youtu.be/FQxzx4JX13c",
        "26": "https://youtu.be/kVGIIvnG1_E",
        "27": "https://youtu.be/BtKg458XAHk",
        "28": "https://youtu.be/FWAYD0c3AwE",
        "29": "https://youtu.be/dv13gl0a-FA",
        "30": "https://youtu.be/ljwUlY9WW1I",
        "31": "https://youtu.be/n--UDPEG_Xc",
        "32": "https://youtu.be/3V7wWemZ_cs",
        "33": "https://youtu.be/j9V78UbdzWI",
        "34": "https://youtu.be/Na6r5_XPOtk",
        "35": "https://youtu.be/DI9T_vmNMpI",
        "36": "https://youtu.be/O2unuzTR5GI",
        "37": "https://youtu.be/8Bywna-xbgY",
        "38": "https://youtu.be/hw0yaHubcrQ",
        "39": "https://youtu.be/v6oHMrhe5yA"
    },
    "trilhas":{
        "1": "https://youtu.be/DTLfV7Ru5VY",
        "2": "https://youtu.be/x23I8f9PwlI",
        "3": "https://youtu.be/ehMCqtBBUXU",
        "4": "https://youtu.be/jPE73zebjY8",
        "5": "https://youtu.be/NktuYfIqWuA",
        "6": "https://youtu.be/0d2scH8lBvA",
        "7": "https://youtu.be/cy5PvLJW4PA",
        "8": "https://youtu.be/atgjKEgSqSU",
        "9": "https://youtu.be/0E5l2GHBxB8",
        "10": "https://youtu.be/xLfm2nnCOpc",
        "11": "https://youtu.be/-a4iQjoggfA",
        "12": "https://youtu.be/wy74G4jIrFQ",
        "13": "https://youtu.be/HcvKHX6kK6M",
        "14": "https://youtu.be/YjQO9GOpx98",
        "15": "https://youtu.be/OBQE_TNI7zw",
        "16": "https://youtu.be/W4VTq0sa9yg",
        "17": "https://youtu.be/jqE8M2ZnFL8",
        "18": "https://youtu.be/JpTecQBxgIk",
        "19": "https://youtu.be/2vRBjHY7ReE",
        "20": "https://youtu.be/_3ngiSxVCBs",
        "21": "https://youtu.be/7hT04AB1JU4",
        "22": "https://youtu.be/ZkFpUQc3Y2o",
        "23": "https://youtu.be/l7I8dYKeke8",
        "24": "https://youtu.be/LOADdASJnak",
        "25": "https://youtu.be/8KT7jcB72fQ",
        "26": "https://youtu.be/b5kEK5B_WjA",
        "27": "https://youtu.be/GyVG4vzOugc",
        "28": "https://youtu.be/LFmnZ6VMd_4",
        "29": "https://youtu.be/4NNsObVabcY",
        "30": "https://youtu.be/PRUtpWzsSEg"
    }
}