{
    "coin": "coin.js",
    "co": "coin.js",
    "dado": "dado.js",
    "da": "dado.js",
    "rps": "rps.js",
    "jkp": "rps.js",
    "help": "help.js",
    "h": "help.js",
    "juda": "help.js",
    "info": "info.js",
    "i": "info.js",
    "briga": "briga.js",
    "b": "briga.js",
    "paz": "paz.js",
    "pz": "paz.js",
    "ceira": "ceira.js",
    "curio": "curio.js",
    "c": "curio.js",
    "sfiha": "esfiha.js",
    "sf": "esfiha.js",
    "gado": "gado.js",
    "ga": "gado.js",
    "joke": "joke.js",
    "j": "joke.js",
    "piao": "piao.js",
    "pi": "piao.js",
    "cazalbe": "cazalbe.js",
    "caz": "cazalbe.js",
    "baidu": "baidu.js",
    "du": "baidu.js",
    "binario": "binario.js",
    "bn": "binario.js",
    "hora": "hora.js",
    "ho": "hora.js",
    "mail": "mail.js",
    "morse": "morse.js",
    "m": "morse.js",
    "ping": "ping.js",
    "p": "ping.js",
    "rep": "reproducao.js",
    "wiki": "wiki.js",
    "w": "wiki.js",
    "buscar": "wiki.js",
    "git": "git.js",
    "g": "git.js",
    "convite": "convite.js",
    "cvv": "convite.js",
    "rev": "reverse.js",

    "s": "musicas/play.js",
    "sh": "help_musica.js",
    "sp": "musicas/pause.js",
    "sr": "musicas/resume.js",
    "ssk": "musicas/play.js",
    "spl": "musicas/play.js",
    "snp": "musicas/play.js",
    "sra": "musicas/play.js",
    "sfd": "musicas/play.js",
    "srp": "musicas/play.js",
    "sds": "musicas/play.js",
    "srs": "musicas/play.js",
    "srm": "musicas/play.js"
}